first_name,last_name,email,position,student_number,college,department,course
Alejan,Zam,main.alejandro.zamora@cvsu.edu.ph,student,202200145,CEIT,Department of Computer and Electronics Engineering,BS Computer Science
Jam,Benito,main.jhenidellannemary.benito@cvsu.edu.ph,student,202200146,CEIT,Department of Information Technology,BS Information Technology
Kyle Raven,Mabingnay,main.kyleraven.mabingnay@cvsu.edu.ph,student,202200147,CAFENR,Department of Animal Science,BS Agriculture  
Mark,Anthony,mark.anthony.mark233@gmail.com,student,202200148,CSPEAR,Department of Physical Education and Recreation,BS Exercise and Sports Sciences
Maki,Dano,main.markanthony.dano@cvsu.edu.ph,student,202200149,CAS,Department of Biological Sciences,BS Biology